Workbook

Sheet Summary
A1: Hotel Sky 5 - Inventory Summary
A2: Prepared from handwritten store registers dated 23-09-2026 and 29-09-2026
A5: Location / Register | B5: Count Date | C5: Line Items | D5: To Reorder | E5: To Confirm | F5: Note
A6: Inventory Stock | B6: 23-09-2026 | C6: =COUNTA('Inventory Stock'!B7:B24) -> 18 | D6: =COUNTIF('Inventory Stock'!G7:G24,"REORDER") -> 0 | E6: 2 | F6: Floor / pantry consumables
A7: Crockery & Serveware | B7: 23-09-2026 | C7: =COUNTA('Crockery & Serveware'!B7:B26) -> 20 | D7: =COUNTIF('Crockery & Serveware'!G7:G26,"REORDER") -> 0 | E7: 2 | F7: Crockery, cutlery, serveware
A8: Basement Store | B8: 29-09-2026 | C8: =COUNTA('Basement Store'!B7:B47) -> 41 | D8: =COUNTIF('Basement Store'!G7:G47,"REORDER") -> 0 | E8: 4 | F8: Main store (bulk)
A9: TOTAL | C9: =SUM(C6:C8) -> 79 | D9: =SUM(D6:D8) -> 0 | E9: =SUM(E6:E8) -> 8
A11: ACTION REQUIRED
A12: • Water Bottle (250 ml): 83 cases marked EXPIRED in Basement Store - keep aside, do not serve, arrange return/disposal.
A13: • Bharat Gas Cylinder: 2 empty, 1 full - book refill.
A14: • Low single-piece stock: Black HIT 1, Mop Refill Pad 1, Duster Towel 1, Phool Broom 1, Wiper (Mini) 1, Kettle 5 Ltr 1.
A15: • Set "Min. Level" (yellow column) on each sheet once with Mam/manager - Status will then show REORDER automatically.
A17: PLEASE CONFIRM (handwriting unclear)
A18: • Inventory Stock: Naphthalene Balls (Phenyl Goli) - Read as phenyl goli = naphthalene balls
A19: • Inventory Stock: Tea Bag - Figure read as 96 (could be 36) - please confirm
A20: • Crockery & Serveware: Plastic Plate - Figure read as 10
A21: • Crockery & Serveware: Ice Pack - Read as "Ice Pack" - please confirm item
A22: • Basement Store: Garbage Bag (Small) - Figure overwritten in register (14 or 4) - please confirm
A23: • Basement Store: Wiper (Mini) - Qty column in register sits slightly above the item lines; matched row by row

Sheet Inventory Stock
A1: Hotel Sky 5 - Inventory Stock
A2: Physical count date: 23-09-2026 | Source: handwritten store register | Location: Inventory Stock
A4: Legend: fill yellow "Min. Level" cells to get REORDER alerts. Red rows = figure/item to be confirmed.
A6: Sr. No. | B6: Item Name | C6: Category | D6: Qty | E6: Unit | F6: Min. Level | G6: Status | H6: As Written in Register | I6: Remarks
A7: 1 | B7: Napkin | C7: Guest Amenities | D7: 4 | E7: Pkt | G7: =IF(F7="","-",IF(D7<=F7,"REORDER","OK")) -> - | H7: Nepkin
A8: 2 | B8: Toilet Roll | C8: Guest Amenities | D8: 11 | E8: Pcs | G8: =IF(F8="","-",IF(D8<=F8,"REORDER","OK")) -> - | H8: Toilete Roll
A9: 3 | B9: Hotel Soap | C9: Guest Amenities | D9: 70 | E9: Pcs | G9: =IF(F9="","-",IF(D9<=F9,"REORDER","OK")) -> - | H9: Hotel Soap
A10: 4 | B10: Naphthalene Balls (Phenyl Goli) | C10: Housekeeping Supplies | D10: 2 | E10: Pkt | G10: =IF(F10="","-",IF(D10<=F10,"REORDER","OK")) -> - | H10: Phyneule Goli | I10: Read as phenyl goli = naphthalene balls
A11: 5 | B11: Garbage Bag (Small) | C11: Housekeeping Supplies | D11: 2 | E11: Pkt | G11: =IF(F11="","-",IF(D11<=F11,"REORDER","OK")) -> - | H11: Small Garbage Beg
A12: 6 | B12: Sugar Pouch | C12: Pantry / Tea-Coffee | D12: 70 | E12: Pcs | G12: =IF(F12="","-",IF(D12<=F12,"REORDER","OK")) -> - | H12: Sugar pouch
A13: 7 | B13: Milk Pouch | C13: Pantry / Tea-Coffee | D13: 27 | E13: Pcs | G13: =IF(F13="","-",IF(D13<=F13,"REORDER","OK")) -> - | H13: Milk pouch
A14: 8 | B14: Tea Bag | C14: Pantry / Tea-Coffee | D14: 96 | E14: Pcs | G14: =IF(F14="","-",IF(D14<=F14,"REORDER","OK")) -> - | H14: Tea Beg | I14: Figure read as 96 (could be 36) - please confirm
A15: 9 | B15: Coffee Pouch | C15: Pantry / Tea-Coffee | D15: 103 | E15: Pcs | G15: =IF(F15="","-",IF(D15<=F15,"REORDER","OK")) -> - | H15: Coffee pouch
A16: 10 | B16: Green Tea | C16: Pantry / Tea-Coffee | D16: 25 | E16: Pcs | G16: =IF(F16="","-",IF(D16<=F16,"REORDER","OK")) -> - | H16: Green Tea
A17: 11 | B17: Mineral Water (1 Ltr) | C17: Beverages | D17: 12 | E17: Pcs | G17: =IF(F17="","-",IF(D17<=F17,"REORDER","OK")) -> - | H17: Minral water 1Ltr
A18: 12 | B18: Tile Cleaner | C18: Cleaning Chemicals | D18: 3 | E18: Ltr | G18: =IF(F18="","-",IF(D18<=F18,"REORDER","OK")) -> - | H18: Tile Cleaner
A19: 13 | B19: Phenyl | C19: Cleaning Chemicals | D19: 4.5 | E19: Ltr | G19: =IF(F19="","-",IF(D19<=F19,"REORDER","OK")) -> - | H19: Phynail
A20: 14 | B20: Harpic | C20: Cleaning Chemicals | D20: 2 | E20: Ltr | G20: =IF(F20="","-",IF(D20<=F20,"REORDER","OK")) -> - | H20: Harpic
A21: 15 | B21: Colin | C21: Cleaning Chemicals | D21: 5 | E21: Ltr | G21: =IF(F21="","-",IF(D21<=F21,"REORDER","OK")) -> - | H21: Coline | I21: Basement counts Colin in bottles
A22: 16 | B22: Shower Gel | C22: Guest Amenities | D22: 5 | E22: Ltr | G22: =IF(F22="","-",IF(D22<=F22,"REORDER","OK")) -> - | H22: Shower Gel
A23: 17 | B23: Hand Wash | C23: Guest Amenities | D23: 1 | E23: Ltr | G23: =IF(F23="","-",IF(D23<=F23,"REORDER","OK")) -> - | H23: Handwash
A24: 18 | B24: Garbage Bag (Big) | C24: Housekeeping Supplies | D24: 29 | E24: Pcs | G24: =IF(F24="","-",IF(D24<=F24,"REORDER","OK")) -> - | H24: Big Garbage Beg
B25: Total line items | D25: =COUNTA(B7:B24) -> 18
B26: Items to reorder | D26: =COUNTIF(G7:G24,"REORDER") -> 0
B28: Counted by: ____________________ | H28: Verified by: ____________________

Sheet Crockery & Serveware
A1: Hotel Sky 5 - Crockery, Cutlery & Serveware
A2: Physical count date: 23-09-2026 | Source: handwritten store register | Location: Crockery & Serveware
A4: Legend: fill yellow "Min. Level" cells to get REORDER alerts. Red rows = figure/item to be confirmed.
A6: Sr. No. | B6: Item Name | C6: Category | D6: Qty | E6: Unit | F6: Min. Level | G6: Status | H6: As Written in Register | I6: Remarks
A7: 1 | B7: Thali | C7: Crockery | D7: 12 | E7: Pcs | G7: =IF(F7="","-",IF(D7<=F7,"REORDER","OK")) -> - | H7: Thali
A8: 2 | B8: Thali (New) | C8: Crockery | D8: 6 | E8: Pcs | G8: =IF(F8="","-",IF(D8<=F8,"REORDER","OK")) -> - | H8: New Thali
A9: 3 | B9: Tray | C9: Serveware | D9: 7 | E9: Pcs | G9: =IF(F9="","-",IF(D9<=F9,"REORDER","OK")) -> - | H9: Try
A10: 4 | B10: Electric Kettle (5 Ltr) | C10: Serveware | D10: 1 | E10: Pcs | G10: =IF(F10="","-",IF(D10<=F10,"REORDER","OK")) -> - | H10: Cattle - 5Ltr
A11: 5 | B11: Electric Kettle (1 Ltr) | C11: Serveware | D11: 2 | E11: Pcs | G11: =IF(F11="","-",IF(D11<=F11,"REORDER","OK")) -> - | H11: Cattle 1Ltr
A12: 6 | B12: Plate | C12: Crockery | D12: 26 | E12: Pcs | G12: =IF(F12="","-",IF(D12<=F12,"REORDER","OK")) -> - | H12: Plats
A13: 7 | B13: Bowl | C13: Crockery | D13: 17 | E13: Pcs | G13: =IF(F13="","-",IF(D13<=F13,"REORDER","OK")) -> - | H13: Bowl
A14: 8 | B14: Spoon | C14: Cutlery | D14: 32 | E14: Pcs | G14: =IF(F14="","-",IF(D14<=F14,"REORDER","OK")) -> - | H14: Spoon
A15: 9 | B15: Fork | C15: Cutlery | D15: 21 | E15: Pcs | G15: =IF(F15="","-",IF(D15<=F15,"REORDER","OK")) -> - | H15: Fock
A16: 10 | B16: Butter Knife | C16: Cutlery | D16: 11 | E16: Pcs | G16: =IF(F16="","-",IF(D16<=F16,"REORDER","OK")) -> - | H16: B.Knife
A17: 11 | B17: Soup Bowl | C17: Crockery | D17: 4 | E17: Pcs | G17: =IF(F17="","-",IF(D17<=F17,"REORDER","OK")) -> - | H17: Soup Bowl
A18: 12 | B18: Quarter Plate | C18: Crockery | D18: 17 | E18: Pcs | G18: =IF(F18="","-",IF(D18<=F18,"REORDER","OK")) -> - | H18: Q. plats 15pc+2=17 | I18: Register: 15 + 2 = 17
A19: 13 | B19: Saucer | C19: Crockery | D19: 17 | E19: Pcs | G19: =IF(F19="","-",IF(D19<=F19,"REORDER","OK")) -> - | H19: Soucer
A20: 14 | B20: Steel Bowl | C20: Crockery | D20: 15 | E20: Pcs | G20: =IF(F20="","-",IF(D20<=F20,"REORDER","OK")) -> - | H20: Steel Bowl
A21: 15 | B21: Water Glass | C21: Crockery | D21: 12 | E21: Pcs | G21: =IF(F21="","-",IF(D21<=F21,"REORDER","OK")) -> - | H21: water Glass
A22: 16 | B22: Cup | C22: Crockery | D22: 12 | E22: Pcs | G22: =IF(F22="","-",IF(D22<=F22,"REORDER","OK")) -> - | H22: Cup
A23: 17 | B23: Plastic Plate | C23: Crockery | D23: 10 | E23: Pcs | G23: =IF(F23="","-",IF(D23<=F23,"REORDER","OK")) -> - | H23: Plastic plats | I23: Figure read as 10
A24: 18 | B24: Water Jug | C24: Serveware | D24: 4 | E24: Pcs | G24: =IF(F24="","-",IF(D24<=F24,"REORDER","OK")) -> - | H24: water Jug
A25: 19 | B25: Ice Bowl | C25: Serveware | D25: 2 | E25: Pcs | G25: =IF(F25="","-",IF(D25<=F25,"REORDER","OK")) -> - | H25: ice Bowl
A26: 20 | B26: Ice Pack | C26: Serveware | D26: 4 | E26: Pcs | G26: =IF(F26="","-",IF(D26<=F26,"REORDER","OK")) -> - | H26: ice paked | I26: Read as "Ice Pack" - please confirm item
B27: Total line items | D27: =COUNTA(B7:B26) -> 20
B28: Items to reorder | D28: =COUNTIF(G7:G26,"REORDER") -> 0
B30: Counted by: ____________________ | H30: Verified by: ____________________

Sheet Basement Store
A1: Hotel Sky 5 - Basement Store
A2: Physical count date: 29-09-2026 | Source: handwritten store register | Location: Basement Store
A4: Legend: fill yellow "Min. Level" cells to get REORDER alerts. Red rows = figure/item to be confirmed.
A6: Sr. No. | B6: Item Name | C6: Category | D6: Qty | E6: Unit | F6: Min. Level | G6: Status | H6: As Written in Register | I6: Remarks
A7: 1 | B7: Black HIT (Insect Spray) | C7: Pest Control | D7: 1 | E7: Pcs | G7: =IF(F7="","-",IF(D7<=F7,"REORDER","OK")) -> - | H7: Black Hit
A8: 2 | B8: Colin | C8: Cleaning Chemicals | D8: 4 | E8: Bottle | G8: =IF(F8="","-",IF(D8<=F8,"REORDER","OK")) -> - | H8: Colin
A9: 3 | B9: Toilet Roll | C9: Guest Amenities | D9: 10 | E9: Pcs | G9: =IF(F9="","-",IF(D9<=F9,"REORDER","OK")) -> - | H9: Toilet Rolls
A10: 4 | B10: Garbage Bag (Small) | C10: Housekeeping Supplies | D10: 14 | E10: Roll | G10: =IF(F10="","-",IF(D10<=F10,"REORDER","OK")) -> - | H10: Garbage Bags (Small) | I10: Figure overwritten in register (14 or 4) - please confirm
A11: 5 | B11: Hand Wash | C11: Guest Amenities | D11: 5 | E11: Ltr | G11: =IF(F11="","-",IF(D11<=F11,"REORDER","OK")) -> - | H11: Hand wash
A12: 6 | B12: Shower Gel | C12: Guest Amenities | D12: 15 | E12: Ltr | G12: =IF(F12="","-",IF(D12<=F12,"REORDER","OK")) -> - | H12: Sower Gel
A13: 7 | B13: Tile Cleaner | C13: Cleaning Chemicals | D13: 5 | E13: Ltr | G13: =IF(F13="","-",IF(D13<=F13,"REORDER","OK")) -> - | H13: Tiles Cleaner
A14: 8 | B14: Dish Wash | C14: Cleaning Chemicals | D14: 5 | E14: Ltr | G14: =IF(F14="","-",IF(D14<=F14,"REORDER","OK")) -> - | H14: Dish wash
A15: 9 | B15: Phenyl (Green) | C15: Cleaning Chemicals | D15: 5 | E15: Ltr | G15: =IF(F15="","-",IF(D15<=F15,"REORDER","OK")) -> - | H15: Phenyl Green
A16: 10 | B16: Harpic | C16: Cleaning Chemicals | D16: 5 | E16: Ltr | G16: =IF(F16="","-",IF(D16<=F16,"REORDER","OK")) -> - | H16: Harpic
A17: 11 | B17: All Purpose Cleaner | C17: Cleaning Chemicals | D17: 5 | E17: Ltr | G17: =IF(F17="","-",IF(D17<=F17,"REORDER","OK")) -> - | H17: All purpose Cleaner
A18: 12 | B18: Hotel Soap | C18: Guest Amenities | D18: 50 | E18: Pcs | G18: =IF(F18="","-",IF(D18<=F18,"REORDER","OK")) -> - | H18: Hotel Soap
A19: 13 | B19: Mop Refill Pad | C19: Housekeeping Supplies | D19: 1 | E19: Pcs | G19: =IF(F19="","-",IF(D19<=F19,"REORDER","OK")) -> - | H19: Mop Refill Pad
A20: 14 | B20: Naphthalene Balls (Phenyl Goli) | C20: Housekeeping Supplies | D20: 13 | E20: Pkt | G20: =IF(F20="","-",IF(D20<=F20,"REORDER","OK")) -> - | H20: Naphthalene Balls - 13 Pack
A21: 15 | B21: Duster | C21: Housekeeping Supplies | D21: 14 | E21: Pcs | G21: =IF(F21="","-",IF(D21<=F21,"REORDER","OK")) -> - | H21: Duster
A22: 16 | B22: Duster Towel | C22: Housekeeping Supplies | D22: 1 | E22: Pcs | G22: =IF(F22="","-",IF(D22<=F22,"REORDER","OK")) -> - | H22: Duster Towel
... A31: 25 | B31: Phool Broom (Jhadu) | C31: Housekeeping Supplies | D31: 1 | E31: Pcs | G31: =IF(F31="","-",IF(D31<=F31,"REORDER","OK")) -> - | H31: Phool Broom
A32: 26 | B32: Wiper (Mini) | C32: Housekeeping Supplies | D32: 1 | E32: Pcs | G32: =IF(F32="","-",IF(D32<=F32,"REORDER","OK")) -> - | H32: Wiper (Mini) | I32: Qty column in register sits slightly above the item lines; matched row by row
A33: 27 | B33: Dust Pan | C33: Housekeeping Supplies | D33: 3 | E33: Pcs | G33: =IF(F33="","-",IF(D33<=F33,"REORDER","OK")) -> - | H33: Dust Pan
A34: 28 | B34: Toilet Brush | C34: Housekeeping Supplies | D34: 6 | E34: Pcs | G34: =IF(F34="","-",IF(D34<=F34,"REORDER","OK")) -> - | H34: Toilet Brush
A35: 29 | B35: Tomato Sauce (Pouch) | C35: Pantry / Tea-Coffee | D35: 300 | E35: Pcs | G35: =IF(F35="","-",IF(D35<=F35,"REORDER","OK")) -> - | H35: Tomato Sauce (Pouch)
A36: 30 | B36: Green Tea (Lipton) | C36: Pantry / Tea-Coffee | D36: 50 | E36: Bags | G36: =IF(F36="","-",IF(D36<=F36,"REORDER","OK")) -> - | H36: Lipton Green Tea
A37: 31 | B37: Coffee Pouch | C37: Pantry / Tea-Coffee | D37: 100 | E37: Pcs | G37: =IF(F37="","-",IF(D37<=F37,"REORDER","OK")) -> - | H37: Coffee Pouch
A38: 32 | B38: Sugar Pouch | C38: Pantry / Tea-Coffee | D38: 3 | E38: Kg | G38: =IF(F38="","-",IF(D38<=F38,"REORDER","OK")) -> - | H38: Suger Pouch
A39: 33 | B39: Milk Powder Pouch | C39: Pantry / Tea-Coffee | D39: 300 | E39: Pcs | G39: =IF(F39="","-",IF(D39<=F39,"REORDER","OK")) -> - | H39: Mik Powder Pouch
A40: 34 | B40: Thums Up (250 ml) | C40: Beverages | D40: 14 | E40: Pcs | G40: =IF(F40="","-",IF(D40<=F40,"REORDER","OK")) -> - | H40: Thums Up 250ML
A41: 35 | B41: Coke (250 ml) | C41: Beverages | D41: 28 | E41: Pcs | G41: =IF(F41="","-",IF(D41<=F41,"REORDER","OK")) -> - | H41: Coke 250ML
A42: 36 | B42: Limca (250 ml) | C42: Beverages | D42: 56 | E42: Pcs | G42: =IF(F42="","-",IF(D42<=F42,"REORDER","OK")) -> - | H42: Limca 250ML
A43: 37 | B43: A4 Paper Ream | C43: Stationery | D43: 5 | E43: Pack | G43: =IF(F43="","-",IF(D43<=F43,"REORDER","OK")) -> - | H43: A4 Paper Rim
A44: 38 | B44: Water Bottle (250 ml) | C44: Beverages | D44: 83 | E44: Cases | G44: EXPIRED | H44: Water Botal 250ML | I44: EXPIRED as per register - do not serve; arrange return/disposal
A45: 39 | B45: Campa Water Bottle (1 Ltr) | C45: Beverages | D45: 6 | E45: Cases | G45: =IF(F45="","-",IF(D45<=F45,"REORDER","OK")) -> - | H45: Campa Water Botal 1Ltr
A46: 40 | B46: Bharat Gas Cylinder (Full) | C46: Fuel / Gas | D46: 1 | E46: Pcs | G46: =IF(F46="","-",IF(D46<=F46,"REORDER","OK")) -> - | H46: Bharat Gas Cylinder Full
A47: 41 | B47: Bharat Gas Cylinder (Empty) | C47: Fuel / Gas | D47: 2 | E47: Pcs | G47: =IF(F47="","-",IF(D47<=F47,"REORDER","OK")) -> - | H47: Row 41 (ditto) - 2 Pcs (Empty) | I47: Empty cylinders - book refill
B48: Total line items | D48: =COUNTA(B7:B47) -> 41
B49: Items to reorder | D49: =COUNTIF(G7:G47,"REORDER") -> 0
B51: Counted by: ____________________ | H51: Verified by: ____________________

Sheet Consolidated
A1: Hotel Sky 5 - Consolidated Stock (all locations)
A2: Same item + same unit added together. Items counted in different units (e.g. Colin Ltr vs Bottle) stay on separate rows. Figures are formulas linked to the location sheets.
A5: Sr. No. | B5: Item Name | C5: Category | D5: Unit | E5: Inventory Stock (23-09) | F5: Crockery (23-09) | G5: Basement Store (29-09) | H5: Total Qty
A6: 1 | B6: Campa Water Bottle (1 Ltr) | C6: Beverages | D6: Cases | E6: =SUMIFS('Inventory Stock'!$D$7:$D$24,'Inventory Stock'!$B$7:$B$24,$B6,'Inventory Stock'!$E$7:$E$24,$D6) -> 0 | F6: =SUMIFS('Crockery & Serveware'!$D$7:$D$26,'Crockery & Serveware'!$B$7:$B$26,$B6,'Crockery & Serveware'!$E$7:$E$26,$D6) -> 0 | G6: =SUMIFS('Basement Store'!$D$7:$D$47,'Basement Store'!$B$7:$B$47,$B6,'Basement Store'!$E$7:$E$47,$D6) -> 6 | H6: =SUM(E6:G6) -> 6
A7: 2 | B7: Coke (250 ml) | C7: Beverages | D7: Pcs | E7: =SUMIFS('Inventory Stock'!$D$7:$D$24,'Inventory Stock'!$B$7:$B$24,$B7,'Inventory Stock'!$E$7:$E$24,$D7) -> 0 | F7: =SUMIFS('Crockery & Serveware'!$D$7:$D$26,'Crockery & Serveware'!$B$7:$B$26,$B7,'Crockery & Serveware'!$E$7:$E$26,$D7) -> 0 | G7: =SUMIFS('Basement Store'!$D$7:$D$47,'Basement Store'!$B$7:$B$47,$B7,'Basement Store'!$E$7:$E$47,$D7) -> 28 | H7: =SUM(E7:G7) -> 28
A8: 3 | B8: Limca (250 ml) | C8: Beverages | D8: Pcs | E8: =SUMIFS('Inventory Stock'!$D$7:$D$24,'Inventory Stock'!$B$7:$B$24,$B8,'Inventory Stock'!$E$7:$E$24,$D8) -> 0 | F8: =SUMIFS('Crockery & Serveware'!$D$7:$D$26,'Crockery & Serveware'!$B$7:$B$26,$B8,'Crockery & Serveware'!$E$7:$E$26,$D8) -> 0 | G8: =SUMIFS('Basement Store'!$D$7:$D$47,'Basement Store'!$B$7:$B$47,$B8,'Basement Store'!$E$7:$E$47,$D8) -> 56 | H8: =SUM(E8:G8) -> 56
A9: 4 | B9: Mineral Water (1 Ltr) | C9: Beverages | D9: Pcs | E9: =SUMIFS('Inventory Stock'!$D$7:$D$24,'Inventory Stock'!$B$7:$B$24,$B9,'Inventory Stock'!$E$7:$E$24,$D9) -> 12 | F9: =SUMIFS('Crockery & Serveware'!$D$7:$D$26,'Crockery & Serveware'!$B$7:$B$26,$B9,'Crockery & Serveware'!$E$7:$E$26,$D9) -> 0 | G9: =SUMIFS('Basement Store'!$D$7:$D$47,'Basement Store'!$B$7:$B$47,$B9,'Basement Store'!$E$7:$E$47,$D9) -> 0 | H9: =SUM(E9:G9) -> 12
A10: 5 | B10: Thums Up (250 ml) | C10: Beverages | D10: Pcs | E10: =SUMIFS('Inventory Stock'!$D$7:$D$24,'Inventory Stock'!$B$7:$B$24,$B10,'Inventory Stock'!$E$7:$E$24,$D10) -> 0 | F10: =SUMIFS('Crockery & Serveware'!$D$7:$D$26,'Crockery & Serveware'!$B$7:$B$26,$B10,'Crockery & Serveware'!$E$7:$E$26,$D10) -> 0 | G10: =SUMIFS('Basement Store'!$D$7:$D$47,'Basement Store'!$B$7:$B$47,$B10,'Basement Store'!$E$7:$E$47,$D10) -> 14 | H10: =SUM(E10:G10) -> 14
A11: 6 | B11: Water Bottle (250 ml) | C11: Beverages | D11: Cases | E11: =SUMIFS('Inventory Stock'!$D$7:$D$24,'Inventory Stock'!$B$7:$B$24,$B11,'Inventory Stock'!$E$7:$E$24,$D11) -> 0 | F11: =SUMIFS('Crockery & Serveware'!$D$7:$D$26,'Crockery & Serveware'!$B$7:$B$26,$B11,'Crockery & Serveware'!$E$7:$E$26,$D11) -> 0 | G11: =SUMIFS('Basement Store'!$D$7:$D$47,'Basement Store'!$B$7:$B$47,$B11,'Basement Store'!$E$7:$E$47,$D11) -> 83 | H11: =SUM(E11:G11) -> 83
A12: 7 | B12: All Purpose Cleaner | C12: Cleaning Chemicals | D12: Ltr | E12: =SUMIFS('Inventory Stock'!$D$7:$D$24,'Inventory Stock'!$B$7:$B$24,$B12,'Inventory Stock'!$E$7:$E$24,$D12) -> 0 | F12: =SUMIFS('Crockery & Serveware'!$D$7:$D$26,'Crockery & Serveware'!$B$7:$B$26,$B12,'Crockery & Serveware'!$E$7:$E$26,$D12) -> 0 | G12: =SUMIFS('Basement Store'!$D$7:$D$47,'Basement Store'!$B$7:$B$47,$B12,'Basement Store'!$E$7:$E$47,$D12) -> 5 | H12: =SUM(E12:G12) -> 5
A13: 8 | B13: Colin | C13: Cleaning Chemicals | D13: Ltr | E13: =SUMIFS('Inventory Stock'!$D$7:$D$24,'Inventory Stock'!$B$7:$B$24,$B13,'Inventory Stock'!$E$7:$E$24,$D13) -> 5 | F13: =SUMIFS('Crockery & Serveware'!$D$7:$D$26,'Crockery & Serveware'!$B$7:$B$26,$B13,'Crockery & Serveware'!$E$7:$E$26,$D13) -> 0 | G13: =SUMIFS('Basement Store'!$D$7:$D$47,'Basement Store'!$B$7:$B$47,$B13,'Basement Store'!$E$7:$E$47,$D13) -> 0 | H13: =SUM(E13:G13) -> 5
A14: 9 | B14: Colin | C14: Cleaning Chemicals | D14: Bottle | E14: =SUMIFS('Inventory Stock'!$D$7:$D$24,'Inventory Stock'!$B$7:$B$24,$B14,'Inventory Stock'!$E$7:$E$24,$D14) -> 0 | F14: =SUMIFS('Crockery & Serveware'!$D$7:$D$26,'Crockery & Serveware'!$B$7:$B$26,$B14,'Crockery & Serveware'!$E$7:$E$26,$D14) -> 0 | G14: =SUMIFS('Basement Store'!$D$7:$D$47,'Basement Store'!$B$7:$B$47,$B14,'Basement Store'!$E$7:$E$47,$D14) -> 4 | H14: =SUM(E14:G14) -> 4
A15: 10 | B15: Dish Wash | C15: Cleaning Chemicals | D15: Ltr | E15: =SUMIFS('Inventory Stock'!$D$7:$D$24,'Inventory Stock'!$B$7:$B$24,$B15,'Inventory Stock'!$E$7:$E$24,$D15) -> 0 | F15: =SUMIFS('Crockery & Serveware'!$D$7:$D$26,'Crockery & Serveware'!$B$7:$B$26,$B15,'Crockery & Serveware'!$E$7:$E$26,$D15) -> 0 | G15: =SUMIFS('Basement Store'!$D$7:$D$47,'Basement Store'!$B$7:$B$47,$B15,'Basement Store'!$E$7:$E$47,$D15) -> 5 | H15: =SUM(E15:G15) -> 5
A16: 11 | B16: Harpic | C16: Cleaning Chemicals | D16: Ltr | E16: =SUMIFS('Inventory Stock'!$D$7:$D$24,'Inventory Stock'!$B$7:$B$24,$B16,'Inventory Stock'!$E$7:$E$24,$D16) -> 2 | F16: =SUMIFS('Crockery & Serveware'!$D$7:$D$26,'Crockery & Serveware'!$B$7:$B$26,$B16,'Crockery & Serveware'!$E$7:$E$26,$D16) -> 0 | G16: =SUMIFS('Basement Store'!$D$7:$D$47,'Basement Store'!$B$7:$B$47,$B16,'Basement Store'!$E$7:$E$47,$D16) -> 5 | H16: =SUM(E16:G16) -> 7
A17: 12 | B17: High Power Toilet Cleaner | C17: Cleaning Chemicals | D17: Ltr | E17: =SUMIFS('Inventory Stock'!$D$7:$D$24,'Inventory Stock'!$B$7:$B$24,$B17,'Inventory Stock'!$E$7:$E$24,$D17) -> 0 | F17: =SUMIFS('Crockery & Serveware'!$D$7:$D$26,'Crockery & Serveware'!$B$7:$B$26,$B17,'Crockery & Serveware'!$E$7:$E$26,$D17) -> 0 | G17: =SUMIFS('Basement Store'!$D$7:$D$47,'Basement Store'!$B$7:$B$47,$B17,'Basement Store'!$E$7:$E$47,$D17) -> 9 | H17: =SUM(E17:G17) -> 9
... A75: 70 | B75: A4 Paper Ream | C75: Stationery | D75: Pack | E75: =SUMIFS('Inventory Stock'!$D$7:$D$24,'Inventory Stock'!$B$7:$B$24,$B75,'Inventory Stock'!$E$7:$E$24,$D75) -> 0 | F75: =SUMIFS('Crockery & Serveware'!$D$7:$D$26,'Crockery & Serveware'!$B$7:$B$26,$B75,'Crockery & Serveware'!$E$7:$E$26,$D75) -> 0 | G75: =SUMIFS('Basement Store'!$D$7:$D$47,'Basement Store'!$B$7:$B$47,$B75,'Basement Store'!$E$7:$E$47,$D75) -> 5 | H75: =SUM(E75:G75) -> 5
